1,2,1,0.0035,0.0411,85.176,0.041249,0.0028,0.03288,85.176,0.00728,0.038384,85.176
2,1,2,0.0035,0.0411,85.176,0.041249,0.0028,0.03288,85.176,0.00344,0.04888,85.176
1,39,1,0.001,0.025,87.754,0.02502,0.0008,0.02,87.754,0.00144,0.036,87.754
39,1,2,0.001,0.025,87.754,0.02502,0.0008,0.02,87.754,0.00304,0.046304,87.754
2,3,1,0.0013,0.0151,85.123,0.015156,0.00104,0.01208,85.123,0.001744,0.020592,85.123
3,2,2,0.0013,0.0151,85.123,0.015156,0.00104,0.01208,85.123,0.00552,0.017584,85.123
2,25,1,0.007,0.0086,50.882,0.011089,0.0056,0.00688,50.882,0.007648,0.027552,50.882
25,2,2,0.007,0.0086,50.882,0.011089,0.0056,0.00688,50.882,0.006432,0.016544,50.882
3,4,1,0.0013,0.0213,86.551,0.02134,0.00104,0.01704,86.551,0.001552,0.025232,86.551
4,3,2,0.0013,0.0213,86.551,0.02134,0.00104,0.01704,86.551,0.001744,0.025552,86.551
3,18,1,0.0011,0.0133,85.315,0.013345,0.00088,0.01064,85.315,0.001328,0.015888,85.315
18,3,2,0.0011,0.0133,85.315,0.013345,0.00088,0.01064,85.315,0.001712,0.020304,85.315
3,40,1,0.0001,0.0001,45.023,0.00014142,8e-005,8e-005,45.023,0.000144,0.000144,45.023
40,3,2,0.0001,0.0001,45.023,0.00014142,8e-005,8e-005,45.023,0.000144,0.000144,45.023
4,5,1,0.0008,0.0128,86.468,0.012825,0.00064,0.01024,86.468,0.000768,0.011904,86.468
5,4,2,0.0008,0.0128,86.468,0.012825,0.00064,0.01024,86.468,0.001152,0.018496,86.468
4,14,1,0.0008,0.0129,86.495,0.012925,0.00064,0.01032,86.495,0.001216,0.016784,86.495
14,4,2,0.0008,0.0129,86.495,0.012925,0.00064,0.01032,86.495,0.001152,0.018512,86.495
5,6,1,0.0002,0.0026,85.645,0.0026077,0.00016,0.00208,85.645,0.000608,0.007328,85.645
6,5,2,0.0002,0.0026,85.645,0.0026077,0.00016,0.00208,85.645,0.000672,0.010272,85.645
5,8,1,0.0008,0.0112,85.958,0.011229,0.00064,0.00896,85.958,0.000896,0.011904,85.958
8,5,2,0.0008,0.0112,85.958,0.011229,0.00064,0.00896,85.958,0.001152,0.017152,85.958
6,7,1,0.0006,0.0092,86.312,0.0092195,0.00048,0.00736,86.312,0.000736,0.010304,86.312
7,6,2,0.0006,0.0092,86.312,0.0092195,0.00048,0.00736,86.312,0.000608,0.009024,86.312
6,11,1,0.0007,0.0082,85.164,0.0082298,0.00056,0.00656,85.164,0.000816,0.009312,85.164
11,6,2,0.0007,0.0082,85.164,0.0082298,0.00056,0.00656,85.164,0.000688,0.008224,85.164
7,8,1,0.0004,0.0046,85.073,0.0046174,0.00032,0.00368,85.073,0.000832,0.010848,85.073
8,7,2,0.0004,0.0046,85.073,0.0046174,0.00032,0.00368,85.073,0.000704,0.009568,85.073
8,9,1,0.0023,0.0363,86.418,0.036373,0.00184,0.02904,86.418,0.00248,0.04504,86.418
9,8,2,0.0023,0.0363,86.418,0.036373,0.00184,0.02904,86.418,0.002352,0.036208,86.418
9,39,1,0.001,0.025,87.754,0.02502,0.0008,0.02,87.754,0.00144,0.036,87.754
39,9,2,0.001,0.025,87.754,0.02502,0.0008,0.02,87.754,0.002272,0.043232,87.754
10,11,1,0.0004,0.0043,84.728,0.0043186,0.00032,0.00344,84.728,0.000768,0.008688,84.728
11,10,2,0.0004,0.0043,84.728,0.0043186,0.00032,0.00344,84.728,0.000576,0.006192,84.728
10,13,1,0.0004,0.0043,84.728,0.0043186,0.00032,0.00344,84.728,0.000896,0.009904,84.728
13,10,2,0.0004,0.0043,84.728,0.0043186,0.00032,0.00344,84.728,0.000576,0.006192,84.728
13,14,1,0.0009,0.0101,84.951,0.01014,0.00072,0.00808,84.951,0.001232,0.016336,84.951
14,13,2,0.0009,0.0101,84.951,0.01014,0.00072,0.00808,84.951,0.000976,0.010832,84.951
14,15,1,0.0018,0.0217,85.301,0.021775,0.00144,0.01736,85.301,0.002016,0.023376,85.301
15,14,2,0.0018,0.0217,85.301,0.021775,0.00144,0.01736,85.301,0.002016,0.023824,85.301
15,16,1,0.0009,0.0094,84.574,0.009443,0.00072,0.00752,84.574,0.000912,0.011296,84.574
16,15,2,0.0009,0.0094,84.574,0.009443,0.00072,0.00752,84.574,0.001872,0.021408,84.574
15,41,1,0.0001,0.0001,45.023,0.00014142,8e-005,8e-005,45.023,0.000144,0.000144,45.023
41,15,2,0.0001,0.0001,45.023,0.00014142,8e-005,8e-005,45.023,0.000144,0.000144,45.023
16,17,1,0.0007,0.0089,85.546,0.0089275,0.00056,0.00712,85.546,0.001008,0.012368,85.546
17,16,2,0.0007,0.0089,85.546,0.0089275,0.00056,0.00712,85.546,0.001136,0.013136,85.546
16,19,1,0.0016,0.0195,85.353,0.019566,0.00128,0.0156,85.353,0.00192,0.0234,85.353
19,16,2,0.0016,0.0195,85.353,0.019566,0.00128,0.0156,85.353,0.001472,0.019376,85.353
16,21,1,0.0008,0.0135,86.653,0.013524,0.00064,0.0108,86.653,0.001152,0.01976,86.653
21,16,2,0.0008,0.0135,86.653,0.013524,0.00064,0.0108,86.653,0.000832,0.014576,86.653
16,24,1,0.0003,0.0059,87.133,0.0059076,0.00024,0.00472,87.133,0.001648,0.02712,87.133
24,16,2,0.0003,0.0059,87.133,0.0059076,0.00024,0.00472,87.133,0.000688,0.010416,87.133
17,18,1,0.0007,0.0082,85.164,0.0082298,0.00056,0.00656,85.164,0.001264,0.015072,85.164
18,17,2,0.0007,0.0082,85.164,0.0082298,0.00056,0.00656,85.164,0.001008,0.012256,85.164
17,27,1,0.0013,0.0173,85.746,0.017349,0.00104,0.01384,85.746,0.001936,0.023248,85.746
27,17,2,0.0013,0.0173,85.746,0.017349,0.00104,0.01384,85.746,0.001488,0.019536,85.746
21,22,1,0.0008,0.014,86.774,0.014023,0.00064,0.0112,86.774,0.001024,0.017344,86.774
22,21,2,0.0008,0.014,86.774,0.014023,0.00064,0.0112,86.774,0.001152,0.01984,86.774
22,23,1,0.0006,0.0096,86.468,0.0096187,0.00048,0.00768,86.468,0.001888,0.03008,86.468
23,22,2,0.0006,0.0096,86.468,0.0096187,0.00048,0.00768,86.468,0.000992,0.01664,86.468
23,24,1,0.0022,0.035,86.447,0.035069,0.00176,0.028,86.447,0.001952,0.031776,86.447
24,23,2,0.0022,0.035,86.447,0.035069,0.00176,0.028,86.447,0.002144,0.034144,86.447
25,26,1,0.0032,0.0323,84.385,0.032458,0.00256,0.02584,84.385,0.003456,0.035248,84.385
26,25,2,0.0032,0.0323,84.385,0.032458,0.00256,0.02584,84.385,0.00704,0.031344,84.385
26,27,1,0.0014,0.0147,84.603,0.014767,0.00112,0.01176,84.603,0.001952,0.022832,84.603
27,26,2,0.0014,0.0147,84.603,0.014767,0.00112,0.01176,84.603,0.003168,0.032432,84.603
26,28,1,0.0043,0.0474,84.859,0.047595,0.00344,0.03792,84.859,0.004336,0.047584,84.859
28,26,2,0.0043,0.0474,84.859,0.047595,0.00344,0.03792,84.859,0.004336,0.047328,84.859
26,29,1,0.0057,0.0625,84.832,0.062759,0.00456,0.05,84.832,0.005456,0.059664,84.832
29,26,2,0.0057,0.0625,84.832,0.062759,0.00456,0.05,84.832,0.005456,0.059408,84.832
28,29,1,0.0014,0.0151,84.746,0.015165,0.00112,0.01208,84.746,0.004768,0.05208,84.746
29,28,2,0.0014,0.0151,84.746,0.015165,0.00112,0.01208,84.746,0.003872,0.042416,84.746
